"sample_id","absorbance_mean","absorbance_sd","absorbance_min","absorbance_max","temp_mean","temp_sd","temp_min","temp_max","measurement_error_mean","measurement_error_sd","measurement_error_min","measurement_error_max"
"Sample_1",1.06387651602733,0.2644430279362,0.386129917637379,1.72602200336756,24.792860230059,1.01664317836987,22.8927586023588,27.1120614239321,0.000583439276221284,0.05588989004458,-0.141154861093598,0.117864956765998
"Sample_2",1.00468524865607,0.276084650501357,0.305657557188502,1.62888242908596,24.8613499741939,0.802706708190889,23.3175191405217,26.8093820424429,0.00229426595002452,0.0508042361783638,-0.109441729957353,0.12110816776258
"Sample_3",1.00131696848328,0.272063746472271,0.477644659978776,1.75312187542546,24.8426511194273,1.12249127108708,22.4702180385518,26.8800276836982,0.00313924751705314,0.0491676007209983,-0.111253738738209,0.127625808623713
"Sample_4",1.03710060970742,0.235730713900609,0.529228736774309,1.59722319344479,24.8481797933251,0.900008768751539,22.7222224392228,26.8663814969388,-0.0123124707529909,0.052317397617794,-0.127691242547541,0.160559947838364
"Sample_5",1.13218504225201,0.262054256804921,0.607385179372647,1.77560929938687,25.0225156652153,0.969694858228907,23.0857238195906,27.2664819997152,0.00373631694224501,0.0478107975810247,-0.117023943775582,0.130437960002227
